{
  "placeholderImages": [
    {
      "id": "dashboard-hero",
      "description": "Lush green farm field under a blue sky",
      "imageUrl": "https://images.unsplash.com/photo-1495107334309-fcf20504a5ab?crop=entropy&cs=tinysrgb&fit=max&fm=jpg&ixid=M3w3NDE5ODJ8MHwxfHNlYXJjaHwyfHxmYXJtJTIwZmllbGR8ZW58MHx8fHwxNzY0NjA0MzA3fDA&ixlib=rb-4.1.0&q=80&w=1080",
      "imageHint": "farm field"
    },
    {
      "id": "crop-corn",
      "description": "A field of corn",
      "imageUrl": "https://images.unsplash.com/photo-1622840951255-d08db152f4ce?crop=entropy&cs=tinysrgb&fit=max&fm=jpg&ixid=M3w3NDE5ODJ8MHwxfHNlYXJjaHw3fHxjb3JuJTIwZmllbGR8ZW58MHx8fHwxNzY0Njg0MzQwfDA&ixlib=rb-4.1.0&q=80&w=1080",
      "imageHint": "corn field"
    },
    {
      "id": "crop-soybeans",
      "description": "A field of soybeans",
      "imageUrl": "https://images.unsplash.com/photo-1562702100-a38e4a6e79b3?crop=entropy&cs=tinysrgb&fit=max&fm=jpg&ixid=M3w3NDE5ODJ8MHwxfHNlYXJjaHw1fHxzb3liZWFuJTIwZmllbGR8ZW58MHx8fHwxNzY0NjE0ODExfDA&ixlib=rb-4.1.0&q=80&w=1080",
      "imageHint": "soybean field"
    },
    {
      "id": "crop-wheat",
      "description": "A field of wheat",
      "imageUrl": "https://images.unsplash.com/photo-1646684662890-a5076aef9010?crop=entropy&cs=tinysrgb&fit=max&fm=jpg&ixid=M3w3NDE5ODJ8MHwxfHNlYXJjaHwxMHx8d2hlYXQlMjBmaWVsZHxlbnwwfHx8fDE3NjQ2MDc3NTl8MA&ixlib=rb-4.1.0&q=80&w=1080",
      "imageHint": "wheat field"
    },
    {
      "id": "crop-cotton",
      "description": "A field of cotton",
      "imageUrl": "https://images.unsplash.com/photo-1599745589131-5102524e8e19?crop=entropy&cs=tinysrgb&fit=max&fm=jpg&ixid=M3wzNzk2NDZ8MHwxfHNlYXJjaHwxfHxjb3R0b24lMjBmaWVsZHxlbnwwfHx8fDE2ODg1Nzk0MDZ8MA&ixlib=rb-4.0.3&q=80&w=1080",
      "imageHint": "cotton field"
    },
    {
      "id": "user-avatar",
      "description": "Avatar for a user",
      "imageUrl": "https://images.unsplash.com/photo-1500648767791-00dcc994a43e?crop=entropy&cs=tinysrgb&fit=max&fm=jpg&ixid=M3w3NDE5ODJ8MHwxfHNlYXJjaHwxfHxwZXJzb24lMjBwb3J0cmFpdHxlbnwwfHx8fDE3NjQ2NzYxNTh8MA&ixlib=rb-4.1.0&q=80&w=1080",
      "imageHint": "person portrait"
    },
    {
      "id": "news-drip-irrigation",
      "description": "Drip irrigation system watering a field of crops",
      "imageUrl": "https://images.unsplash.com/photo-1625246333195-b9c5c3814f59?crop=entropy&cs=tinysrgb&fit=max&fm=jpg&ixid=M3w3NDE5ODJ8MHwxfHNlYXJjaHwxfHxkcmlwJTIwaXJyaWdhdGlvbiUyMGZhcm18ZW58MHx8fHwxNzY4NTExMjM5fDA&ixlib=rb-4.1.0&q=80&w=1080",
      "imageHint": "drip irrigation"
    },
    {
      "id": "news-canal-construction",
      "description": "Construction work on a large concrete irrigation canal",
      "imageUrl": "https://images.unsplash.com/photo-1588725345759-387076c81373?crop=entropy&cs=tinysrgb&fit=max&fm=jpg&ixid=M3w3NDE5ODJ8MHwxfHNlYXJjaHwyfHxjYW5hbCUyMGNvbnN0cnVjdGlvbnxlbnwwfHx8fDE3Njg1MTEyODV8MA&ixlib=rb-4.1.0&q=80&w=1080",
      "imageHint": "canal construction"
    },
    {
      "id": "news-dry-field",
      "description": "Dry, cracked earth in a field suffering from drought",
      "imageUrl": "https://images.unsplash.com/photo-1444465693019-aa0b6e58939c?crop=entropy&cs=tinysrgb&fit=max&fm=jpg&ixid=M3w3NDE5ODJ8MHwxfHNlYXJjaHwxfHxkcnklMjBjcmFja2VkJTIwZWFydGh8ZW58MHx8fHwxNzY4NTExMzE1fDA&ixlib=rb-4.1.0&q=80&w=1080",
      "imageHint": "cracked earth"
    },
    {
      "id": "canal-small-earth",
      "description": "A small, unlined earth canal running through a grassy field.",
      "imageUrl": "https://images.unsplash.com/photo-1599599810617-b89cd1564335?crop=entropy&cs=tinysrgb&fit=max&fm=jpg&ixid=M3w3NDE5ODJ8MHwxfHNlYXJjaHwxfHxzbWFsbCUyMGVhcnRoJTIwY2FuYWx8ZW58MHx8fHwxNzY4NzU3MjMwfDA&ixlib=rb-4.1.0&q=80&w=1080",
      "imageHint": "small earth canal"
    },
    {
      "id": "canal-large-concrete",
      "description": "A large, straight, concrete-lined irrigation canal under a blue sky.",
      "imageUrl": "https://images.unsplash.com/photo-1588725345759-387076c81373?crop=entropy&cs=tinysrgb&fit=max&fm=jpg&ixid=M3w3NDE5ODJ8MHwxfHNlYXJjaHwxfHxsYXJnZSUyMGNvbmNyZXRlJTIwY2FuYWx8ZW58MHx8fHwxNzY4NzU3MjU3fDA&ixlib=rb-4.1.0&q=80&w=1080",
      "imageHint": "large concrete canal"
    },
    {
      "id": "canal-mountain-river",
      "description": "A fast-flowing river through a rocky, mountainous landscape.",
      "imageUrl": "https://images.unsplash.com/photo-1505872343463-5f096d31a483?crop=entropy&cs=tinysrgb&fit=max&fm=jpg&ixid=M3w3NDE5ODJ8MHwxfHNlYXJjaHwxfHxtb3VudGFpbiUyMHJpdmVyfGVufDB8fHx8MTc2ODc1NzI4M3ww&ixlib=rb-4.1.0&q=80&w=1080",
      "imageHint": "mountain river"
    }
  ]
}